{
    "name": "Saladict",
    "identifier": "com.saladict-app.snipdoext.desktop",
    "icon": "saladict.png",
    "icon_colored": "saladict_colored.png",
    "actionTranslations": {
        "en": "Saladict",
        "zh": "沙拉翻译"
    },
    "actions": [
        {
            "title": "Saladict Translation",
            "actionTranslations": {
                "en": "Saladict Translation",
                "zh": "沙拉翻译"
            },
            "icon": "saladict.png",
            "icon_colored": "saladict_colored.png",
            "powershellFile": "saladict.ps1"
        }
    ]
}
